<?xml version="1.0" encoding="utf-8" ?><dwsync><file name="arrow.svg" server="ftp.nevule.com/public_html/" local="3588463560" remote="3588463560" Dst="-1" /><file name="logo.png" server="ftp.nevule.com/public_html/" local="3588463560" remote="3588463560" Dst="-1" /><file name="collabImg.jpg" server="ftp.nevule.com/public_html/" local="3588463560" remote="3588463560" Dst="-1" /><file name="masthead.jpg" server="ftp.nevule.com/public_html/" local="3588463560" remote="3588463560" Dst="-1" /><file name="collabImg_blur.jpg" server="ftp.nevule.com/public_html/" local="3588463560" remote="3588463560" Dst="-1" /><file name="masthead_image.png" server="ftp.nevule.com/public_html/" local="3588463560" remote="3588463560" Dst="-1" /><file name="SNAClogo.jpg" server="ftp.nevule.com/public_html/" local="3588463560" remote="3588463560" Dst="-1" /><file name="kanjanaInstagram.jpg" server="ftp.nevule.com/public_html/" local="3588463560" remote="3588463560" Dst="-1" /><file name="basicMasthead.jpg" server="ftp.nevule.com/public_html/" local="3588463560" remote="3588463560" Dst="-1" /><file name="freeMasthead.jpg" server="ftp.nevule.com/public_html/" local="3588463560" remote="3588463560" Dst="-1" /><file name="enterpriseMasthead.jpg" server="ftp.nevule.com/public_html/" local="3588463560" remote="3588463560" Dst="-1" /><file name="kImg.jpg" server="ftp.nevule.com/public_html/" local="3588463560" remote="3588463560" Dst="-1" /><file name="premiumMasthead.jpg" server="ftp.nevule.com/public_html/" local="3588463560" remote="3588463560" Dst="-1" /><file name="speech-bubble.png" server="ftp.nevule.com/public_html/" local="3588463560" remote="3588463560" Dst="-1" /><file name="snac-Insta.jpg" server="ftp.nevule.com/public_html/" local="3588463560" remote="3588463560" Dst="-1" /><file name="tools.png" server="ftp.nevule.com/public_html/" local="3588463560" remote="3588463560" Dst="-1" /><file name="internet.png" server="ftp.nevule.com/public_html/" local="3588463560" remote="3588463560" Dst="-1" /><file name="Icon_" server="ftp.nevule.com/public_html/" local="3588463560" remote="3588463560" Dst="-1" /></dwsync>